Client_Name,Industry,Country,Service_Used,Project_Duration_Days,Project_Cost_INR,Revenue_Generated_INR,Is_Renewed,Team_Size,Feedback_Score,Project_Month
Client_164,Retail,USA,API Testing,322,1088625,613320,Yes,5,6,Aug
Client_29,Healthcare,Singapore,Cloud Testing,139,1918864,553728,Yes,5,4,Aug
Client_7,Banking,India,Mobile Testing,143,1110131,2344462,No,12,6,Feb
Client_190,Retail,UAE,Mobile Testing,361,457704,2913589,No,6,7,Feb
Client_71,Healthcare,Singapore,Performance Testing,145,560039,429675,Yes,13,8,Sep
Client_63,Banking,USA,Performance Testing,135,1841398,333615,No,8,7,Nov
Client_58,Banking,USA,Test Automation,167,961440,694312,No,3,4,Apr
Client_36,Healthcare,India,DevOps QA,363,1360050,899265,Yes,20,7,Dec
Client_189,Retail,India,Security Testing,239,399289,281171,Yes,13,4,Aug
Client_27,EdTech,UAE,Mobile Testing,292,1766430,997580,No,4,7,Mar
Client_174,Insurance,Singapore,DevOps QA,40,1321897,599021,Yes,17,9,Aug
Client_190,Banking,Australia,Performance Testing,34,1820615,2185790,Yes,16,5,May
Client_140,Healthcare,UK,API Testing,272,1709543,953698,Yes,19,4,Mar
Client_23,EdTech,Singapore,Performance Testing,97,481438,564202,Yes,16,6,Mar
Client_152,EdTech,USA,API Testing,361,1406969,283450,Yes,11,8,Jan
Client_109,EdTech,Australia,Cloud Testing,118,1483383,2544998,Yes,3,8,Oct
Client_9,Telecom,USA,Security Testing,337,1171235,2841701,No,18,9,Feb
Client_8,Retail,Australia,Cloud Testing,34,654740,1779901,Yes,3,4,Mar
Client_24,Banking,UAE,Performance Testing,144,451737,2909521,Yes,13,5,May
Client_56,Healthcare,UK,Test Automation,159,1618729,2204829,Yes,15,10,Feb
Client_60,EdTech,Germany,Performance Testing,341,1537788,2355454,Yes,15,8,Sep
Client_130,Insurance,UAE,Mobile Testing,186,818633,2767121,Yes,13,9,Dec
Client_155,Insurance,USA,Performance Testing,359,1050995,2625901,Yes,6,10,Jul
Client_7,E-commerce,Australia,Mobile Testing,170,1351021,1223484,No,18,5,Mar
Client_144,EdTech,USA,Cloud Testing,246,1338569,355880,Yes,6,6,Feb
Client_51,Insurance,Singapore,Test Automation,222,244374,1686600,Yes,9,8,Nov
Client_184,Banking,UK,DevOps QA,208,581954,1075778,Yes,13,7,Jan
Client_167,Retail,Singapore,Cloud Testing,265,893166,2691553,No,18,7,Nov
Client_180,Retail,Singapore,Cloud Testing,159,908372,447266,Yes,19,4,May
Client_140,Healthcare,UAE,Performance Testing,141,377271,204887,Yes,13,10,Mar
Client_108,Insurance,Singapore,Functional Testing,268,327688,1025511,Yes,8,9,Aug
Client_57,Automotive,India,API Testing,184,134734,2900412,Yes,12,8,Jun
Client_115,Insurance,India,Cloud Testing,296,524355,2211104,No,14,5,Mar
Client_151,E-commerce,Singapore,API Testing,349,1196205,485363,Yes,16,10,Apr
Client_72,Automotive,UK,API Testing,233,1902694,2113182,No,9,5,Dec
Client_2,E-commerce,Singapore,DevOps QA,329,1157718,2829810,Yes,18,6,Jan
Client_195,EdTech,USA,DevOps QA,82,1535223,404595,Yes,5,8,Nov
Client_41,EdTech,USA,DevOps QA,33,980373,1663833,No,20,5,Sep
Client_179,Healthcare,UK,Security Testing,291,1833325,2490505,No,9,10,Apr
Client_109,E-commerce,UAE,API Testing,221,413652,1894634,No,12,5,Aug
Client_88,Healthcare,India,Performance Testing,317,1369848,1697986,Yes,11,8,Dec
Client_72,Banking,India,API Testing,361,301952,394528,No,4,7,Jan
Client_40,Insurance,UAE,Cloud Testing,334,472081,2737605,Yes,12,8,Nov
Client_56,Automotive,Singapore,DevOps QA,341,1097970,1264911,Yes,15,7,Sep
Client_196,Automotive,UK,Cloud Testing,174,1990809,2368874,Yes,10,4,Nov
Client_87,Healthcare,Australia,DevOps QA,182,1389220,320511,No,5,4,Nov
Client_27,Insurance,Germany,Security Testing,85,1357900,445229,Yes,6,10,Dec
Client_24,Retail,Germany,Performance Testing,276,181865,1424668,Yes,13,7,Nov
Client_98,Automotive,Singapore,Mobile Testing,62,1940780,476884,Yes,11,10,Feb
Client_25,Retail,UAE,DevOps QA,202,1743890,1055550,Yes,5,8,Jul
Client_92,Insurance,UK,Functional Testing,171,1214489,2328879,Yes,19,6,Dec
Client_89,Retail,India,Security Testing,357,1155557,557347,No,18,9,May
Client_155,Banking,Australia,Functional Testing,196,1677861,574568,No,16,5,Aug
Client_68,E-commerce,India,Security Testing,171,346449,1118959,Yes,9,4,Jan
Client_12,EdTech,Singapore,Performance Testing,163,295433,2379948,No,14,4,Oct
Client_187,EdTech,USA,API Testing,365,1111332,1766195,Yes,5,7,Jan
Client_118,Healthcare,UAE,DevOps QA,363,1482846,944654,Yes,12,6,Jan
Client_138,Banking,Germany,Test Automation,182,373319,960001,Yes,19,8,Jul
Client_32,Automotive,UAE,Cloud Testing,126,1991599,2357009,Yes,12,6,Apr
Client_97,Healthcare,Australia,Mobile Testing,106,1365578,2905139,Yes,16,10,Apr
Client_21,Healthcare,Singapore,Cloud Testing,294,1230964,1193387,Yes,20,9,Jun
Client_142,EdTech,UAE,Mobile Testing,153,1835438,2540869,No,13,7,Apr
Client_76,Insurance,India,Security Testing,59,102517,2772803,Yes,9,6,Apr
Client_161,Automotive,Singapore,Mobile Testing,337,1981080,900352,No,16,10,Feb
Client_159,Healthcare,India,Cloud Testing,236,1725021,2492197,Yes,15,9,Jan
Client_93,Automotive,UK,API Testing,193,1523042,2491015,No,11,5,Jul
Client_148,E-commerce,UK,DevOps QA,101,1461537,1891410,No,19,8,Jan
Client_50,Insurance,USA,Mobile Testing,43,1004914,592558,Yes,17,10,Jan
Client_181,Automotive,UAE,Functional Testing,365,1194806,2828584,Yes,20,8,Jun
Client_18,Retail,UK,Security Testing,284,982238,2568283,Yes,8,6,Apr
Client_12,Healthcare,UAE,Mobile Testing,181,876737,1651407,Yes,3,4,Nov
Client_170,Retail,India,API Testing,162,1934639,2979026,Yes,19,5,Nov
Client_59,Insurance,Singapore,Cloud Testing,244,191096,2074013,Yes,8,9,Feb
Client_198,Banking,UK,Mobile Testing,237,1563063,2940228,Yes,18,8,Apr
Client_75,Retail,Singapore,DevOps QA,228,1211105,1941282,Yes,9,8,Feb
Client_21,Healthcare,Australia,Security Testing,48,999586,586637,Yes,17,4,Nov
Client_60,Healthcare,UK,Functional Testing,328,581267,849648,Yes,11,6,Mar
Client_26,EdTech,UAE,Mobile Testing,322,1782545,906637,Yes,20,4,Dec
Client_98,Insurance,Australia,Cloud Testing,127,1111086,2456722,Yes,16,7,Mar
Client_72,EdTech,UK,DevOps QA,205,1755818,1834252,No,4,9,Jan
Client_117,Healthcare,Germany,Cloud Testing,143,1712021,2266834,Yes,19,4,Jul
Client_163,E-commerce,UK,Mobile Testing,303,899510,1565631,Yes,9,10,Sep
Client_94,Healthcare,India,Performance Testing,356,835089,2907888,Yes,14,5,Feb
Client_42,EdTech,USA,Functional Testing,273,1335323,813440,No,17,9,Jun
Client_95,EdTech,India,API Testing,213,1787412,2389340,Yes,7,8,Jun
Client_91,Insurance,Singapore,Test Automation,289,1654815,2666228,Yes,10,6,Sep
Client_54,Banking,UAE,Security Testing,183,1697063,2008127,Yes,7,7,Nov
Client_172,E-commerce,Australia,Functional Testing,117,1855715,1627754,No,12,5,Apr
Client_69,Telecom,UAE,Security Testing,315,1561101,1471855,Yes,16,8,Oct
Client_180,Healthcare,UK,DevOps QA,122,1308212,2457208,Yes,16,8,Apr
Client_175,Banking,UAE,Performance Testing,180,304927,1511698,Yes,13,10,Sep
Client_166,Insurance,Australia,Cloud Testing,79,992315,1709104,Yes,5,6,Jul
Client_19,Automotive,USA,Security Testing,271,380773,1879493,Yes,9,9,Jul
Client_156,Banking,USA,API Testing,95,633762,2806004,No,16,6,Feb
Client_163,Healthcare,UK,DevOps QA,162,1100637,1956017,Yes,11,9,Apr
Client_44,Banking,UK,Functional Testing,316,1706122,1506651,Yes,12,6,Apr
Client_137,Retail,Singapore,DevOps QA,123,587614,2701870,Yes,8,10,Feb
Client_187,EdTech,UK,API Testing,201,1901565,1159663,Yes,11,9,Jun
Client_63,EdTech,India,Cloud Testing,365,275778,2512000,Yes,10,7,Jun
Client_42,Healthcare,India,Cloud Testing,75,694053,2438522,Yes,15,6,Mar
Client_119,Retail,India,Performance Testing,143,1354709,1047279,No,10,5,Jan
Client_98,E-commerce,USA,Security Testing,211,1938712,1723128,Yes,6,9,Jul
Client_70,EdTech,Germany,Security Testing,144,1240286,2457868,Yes,7,6,Nov
Client_164,Insurance,UAE,Cloud Testing,187,956994,1215727,Yes,9,6,Jun
Client_177,EdTech,Australia,Cloud Testing,245,640656,1659985,Yes,3,5,Jan
Client_143,Telecom,Singapore,Test Automation,199,496405,2047517,No,10,7,Jul
Client_57,E-commerce,UK,Mobile Testing,220,111470,2026950,Yes,12,8,Apr
Client_176,Telecom,Singapore,Performance Testing,163,1587192,1815518,Yes,17,6,Aug
Client_84,Telecom,USA,Performance Testing,329,1659538,150820,Yes,18,4,Apr
Client_197,Insurance,UK,Functional Testing,180,1755538,295386,Yes,20,9,Feb
Client_199,Retail,UK,Mobile Testing,267,114919,1343204,No,16,5,Nov
Client_15,Telecom,USA,API Testing,90,1312126,2648810,Yes,16,9,May
Client_59,E-commerce,UAE,Test Automation,270,1195847,218377,No,4,4,Nov
Client_9,EdTech,UK,Cloud Testing,57,347104,2321011,No,9,8,Oct
Client_81,Healthcare,UAE,Mobile Testing,354,1190019,716590,Yes,8,7,Jun
Client_103,E-commerce,USA,Cloud Testing,328,115087,1416015,Yes,11,4,Jan
Client_69,Banking,Singapore,Performance Testing,327,886494,177551,Yes,7,4,Feb
Client_17,EdTech,UK,Test Automation,347,1472682,1409691,No,3,9,Apr
Client_55,Insurance,Germany,Performance Testing,66,530794,1080660,Yes,11,5,Jul
Client_146,Telecom,Australia,DevOps QA,271,1542351,1051032,Yes,11,7,May
Client_184,Healthcare,UAE,Functional Testing,129,1786712,1470805,Yes,20,8,Oct
Client_81,Telecom,UK,Functional Testing,286,762493,241022,Yes,8,9,Aug
Client_55,Insurance,UAE,Security Testing,91,957410,1307448,No,4,9,Feb
Client_168,E-commerce,UK,Mobile Testing,225,859734,2472231,No,18,7,Dec
Client_128,Banking,Australia,Cloud Testing,301,323521,2294428,Yes,3,10,Sep
Client_102,EdTech,UK,Security Testing,182,424594,2483388,No,4,7,Oct
Client_165,E-commerce,UK,API Testing,241,993536,2543555,No,5,8,Mar
Client_118,Banking,Singapore,Mobile Testing,57,1466453,2547513,No,13,4,May
Client_37,Automotive,Germany,Test Automation,107,1327610,798920,Yes,12,10,Feb
Client_68,Telecom,UK,Security Testing,100,631906,545468,Yes,5,9,Oct
Client_36,EdTech,UAE,Performance Testing,132,647991,308277,Yes,16,9,Jun
Client_64,EdTech,Singapore,DevOps QA,205,1893016,2080930,No,14,4,Nov
Client_191,Banking,Australia,Cloud Testing,239,1224293,1641728,Yes,5,8,Dec
Client_144,Automotive,India,Performance Testing,321,988272,804760,Yes,15,4,Jul
Client_138,Healthcare,UAE,Performance Testing,264,1284199,730526,No,7,10,Nov
Client_68,Retail,UAE,API Testing,103,866811,1261440,Yes,10,10,Dec
Client_192,Healthcare,Germany,Mobile Testing,191,1383206,1689657,Yes,6,9,Mar
Client_150,EdTech,India,DevOps QA,122,677892,2591738,No,19,7,Jun
Client_110,EdTech,Singapore,Mobile Testing,71,1527333,1197975,Yes,6,9,Mar
Client_150,Insurance,UK,Security Testing,279,933521,1127248,Yes,19,4,Nov
Client_103,Banking,UAE,Functional Testing,200,1683290,1224764,Yes,19,6,Dec
Client_93,Automotive,Australia,Security Testing,353,527176,1409559,Yes,11,10,Jun
Client_57,Retail,Germany,Mobile Testing,120,966602,535478,No,18,7,Nov
Client_36,Healthcare,Australia,Security Testing,190,1257847,2542796,No,5,10,Aug
Client_131,Banking,Germany,Performance Testing,354,1743723,1826875,Yes,10,8,Feb
Client_127,E-commerce,Germany,Security Testing,59,1269293,2536831,Yes,6,6,Jun
Client_24,Insurance,India,Security Testing,32,1111808,1061998,Yes,13,7,Jan
Client_194,Automotive,UK,Mobile Testing,261,474802,473806,Yes,13,5,Oct
Client_13,Insurance,Singapore,Performance Testing,170,876392,1511857,Yes,15,10,Oct
Client_29,EdTech,UAE,DevOps QA,137,1272504,2173890,Yes,10,10,Aug
Client_40,Insurance,Germany,Test Automation,116,1263733,875205,Yes,16,10,Jul
Client_161,Retail,Australia,Performance Testing,325,1114518,2197979,No,9,9,Sep
Client_41,EdTech,Australia,Test Automation,111,632210,2566894,Yes,7,4,Nov
Client_175,Healthcare,UK,Mobile Testing,280,743098,549985,Yes,6,4,Dec
Client_109,Healthcare,UK,Performance Testing,75,1311422,2646580,Yes,8,7,Apr
Client_153,E-commerce,USA,API Testing,96,822167,2843811,No,9,6,Sep
Client_17,EdTech,Germany,Functional Testing,344,1723603,1409940,Yes,11,5,Oct
Client_99,EdTech,India,API Testing,252,1579529,306747,Yes,17,7,Dec
Client_98,Automotive,UK,API Testing,354,934938,2567109,Yes,16,4,Jan
Client_153,EdTech,Singapore,Mobile Testing,249,1643047,1750320,No,11,5,Apr
Client_120,Retail,USA,Cloud Testing,236,389550,479158,Yes,4,9,Jan
Client_136,E-commerce,UK,Security Testing,249,1893062,384556,Yes,18,4,Oct
Client_65,Automotive,Germany,Functional Testing,274,1911583,1552531,Yes,20,10,Feb
Client_142,Retail,Germany,Cloud Testing,226,1482616,1609325,Yes,14,6,May
Client_3,Insurance,UK,API Testing,32,349740,1971604,No,6,9,Apr
Client_175,Healthcare,Australia,API Testing,49,1668280,1897018,Yes,13,9,Dec
Client_185,E-commerce,Australia,Cloud Testing,303,581865,655583,Yes,20,6,Jul
Client_30,Telecom,Singapore,Cloud Testing,132,1036577,1100922,Yes,16,5,Apr
Client_175,Healthcare,USA,Test Automation,221,1742299,2887954,Yes,18,4,Oct
Client_138,Banking,Australia,Functional Testing,37,1566562,2676236,Yes,10,10,Feb
Client_193,Healthcare,Germany,Security Testing,194,439308,197959,Yes,11,8,Jan
Client_69,Healthcare,USA,Cloud Testing,301,310299,2808715,No,7,9,Mar
Client_197,EdTech,India,Cloud Testing,127,549751,2801612,Yes,14,6,Jun
Client_165,Retail,UK,Test Automation,39,1166073,1754266,Yes,18,10,Aug
Client_88,EdTech,Germany,Functional Testing,32,940037,377029,No,14,9,May
Client_29,EdTech,India,Functional Testing,350,1748531,1428354,Yes,12,5,Apr
Client_76,Telecom,USA,DevOps QA,157,809755,2349423,Yes,3,5,Mar
Client_112,Telecom,India,Performance Testing,145,1779512,322730,Yes,4,7,Jul
Client_41,E-commerce,Singapore,Performance Testing,206,1254642,1489310,Yes,4,6,Apr
Client_117,EdTech,UAE,API Testing,189,1387704,2414629,Yes,10,4,Nov
Client_1,Telecom,Singapore,Mobile Testing,96,1561835,2519416,Yes,11,6,Jan
Client_185,Automotive,USA,Mobile Testing,82,1535635,777384,Yes,20,7,Apr
Client_185,Automotive,Singapore,Functional Testing,226,1582245,1520831,Yes,15,9,Dec
Client_68,E-commerce,Germany,Security Testing,287,209162,2257225,No,12,9,Oct
Client_129,Automotive,USA,Performance Testing,331,437092,1076090,Yes,14,8,Aug
Client_196,E-commerce,Singapore,DevOps QA,186,916009,792556,Yes,6,5,Dec
Client_46,Banking,UK,Security Testing,115,1433529,361895,Yes,20,4,Jun
Client_130,Telecom,Australia,Mobile Testing,63,111095,2975430,Yes,10,5,Mar
Client_28,EdTech,UK,Cloud Testing,53,1786884,1797869,Yes,17,10,May
Client_161,E-commerce,Singapore,Cloud Testing,182,291026,2019049,No,15,9,Jun
Client_77,E-commerce,Australia,Performance Testing,178,1826491,2646165,Yes,3,7,Nov
Client_164,Retail,Australia,Mobile Testing,263,404775,2562793,Yes,15,4,Jan
Client_130,EdTech,Germany,Mobile Testing,296,1089160,2266988,Yes,11,10,Sep
Client_156,Banking,Germany,Security Testing,335,1358805,527835,No,12,6,Jul
Client_51,Retail,India,API Testing,298,1013052,1081494,Yes,5,8,Nov
Client_40,Telecom,Germany,DevOps QA,202,284844,1961669,Yes,10,8,May
Client_96,Insurance,USA,Performance Testing,252,234386,1365438,Yes,12,7,Jan
Client_196,EdTech,UK,API Testing,98,651743,1803908,No,9,5,Apr
Client_42,Insurance,USA,Mobile Testing,205,565085,770809,Yes,8,8,Dec
Client_139,EdTech,UK,Performance Testing,280,877697,704441,No,17,5,Jun
Client_200,Banking,UAE,Functional Testing,213,267855,1559991,Yes,13,9,Jun
Client_136,Retail,Germany,DevOps QA,126,1377226,496219,Yes,16,9,Apr
Client_1,E-commerce,Singapore,Performance Testing,114,179178,2145879,Yes,4,8,Apr
Client_154,Retail,UK,API Testing,236,1619375,2546795,Yes,11,9,Sep
Client_83,Insurance,Singapore,Mobile Testing,39,905990,356825,Yes,5,9,Jan
Client_126,EdTech,UAE,API Testing,146,940213,2449117,Yes,18,8,Nov
Client_5,Healthcare,USA,Cloud Testing,144,1387579,1824329,Yes,18,8,Apr
Client_29,Telecom,Singapore,Cloud Testing,97,1476099,1251247,No,16,5,Nov
Client_93,E-commerce,UK,API Testing,138,1192627,506847,No,13,4,Dec
Client_79,Insurance,UAE,Cloud Testing,41,700769,1821543,Yes,16,8,Dec
Client_62,Telecom,UK,Cloud Testing,331,1592345,2254798,Yes,6,5,Apr
Client_15,E-commerce,UAE,API Testing,288,1352990,1972387,No,8,9,Oct
Client_62,Telecom,Germany,Security Testing,116,220508,696833,Yes,11,4,Jul
Client_146,EdTech,Australia,API Testing,93,1722374,715688,No,19,5,Sep
Client_21,Banking,Australia,API Testing,217,1820144,2167135,Yes,5,6,Jun
Client_22,Insurance,Germany,Security Testing,363,467570,2495858,Yes,14,8,Mar
Client_188,Automotive,Germany,DevOps QA,49,1442788,980927,Yes,16,10,Aug
Client_125,Healthcare,Germany,API Testing,222,1136765,2196237,No,20,5,Nov
Client_18,Automotive,Australia,API Testing,357,1020591,1808087,Yes,13,8,Jan
Client_195,Insurance,Germany,Mobile Testing,160,122461,2885728,No,17,9,Feb
Client_137,E-commerce,UAE,Security Testing,303,523010,2546334,Yes,3,10,Aug
Client_197,Insurance,UK,Test Automation,349,1883769,972500,Yes,4,6,Feb
Client_33,Insurance,Singapore,Mobile Testing,54,1477586,2503707,No,8,5,Apr
Client_33,EdTech,USA,Test Automation,334,1785921,2733677,Yes,17,10,Jan
Client_169,Retail,USA,Security Testing,54,1186646,2348854,Yes,7,9,Nov
Client_122,Healthcare,UAE,API Testing,85,699799,1182829,Yes,3,4,Mar
Client_141,Banking,UK,Functional Testing,364,508413,1166343,Yes,15,9,Apr
Client_43,Banking,UAE,Cloud Testing,40,170483,450496,Yes,9,9,Mar
Client_68,Telecom,USA,Security Testing,54,1744082,1266763,Yes,12,8,Feb
Client_136,Banking,UAE,Cloud Testing,89,1357273,1953826,Yes,13,8,Mar
Client_156,Healthcare,Australia,Security Testing,243,1170696,1506486,Yes,5,6,Oct
Client_109,Telecom,UAE,Cloud Testing,257,1181739,2565995,Yes,6,9,Sep
Client_55,Telecom,Germany,Security Testing,224,1564755,525787,Yes,8,8,Apr
Client_139,E-commerce,USA,Security Testing,93,585849,621984,Yes,10,7,Apr
Client_194,Retail,Germany,API Testing,310,1390146,2967513,Yes,19,4,Sep
Client_187,Automotive,Germany,Performance Testing,159,455431,1884688,No,7,7,Feb
Client_177,E-commerce,Singapore,Test Automation,272,1513531,1926458,No,16,9,Jul
Client_52,Retail,UAE,Functional Testing,108,175625,1682043,Yes,13,9,Dec
Client_183,Retail,Singapore,DevOps QA,135,854429,1610909,Yes,17,9,Aug
Client_80,Retail,UAE,Test Automation,352,601757,948971,Yes,18,4,May
Client_103,Insurance,UK,DevOps QA,34,1473674,1495274,Yes,7,10,Mar
Client_172,E-commerce,Australia,Functional Testing,184,100602,1595042,Yes,11,6,Dec
Client_167,Automotive,Germany,DevOps QA,245,430185,2640901,Yes,8,7,Apr
Client_96,EdTech,UAE,API Testing,81,282122,2898988,Yes,13,10,Apr
Client_113,Retail,UAE,Security Testing,296,678681,251530,Yes,12,7,Jul
Client_133,Automotive,India,Security Testing,168,1735092,1428502,Yes,9,6,Mar
Client_116,EdTech,UK,Performance Testing,348,937673,859908,Yes,5,4,Oct
Client_31,Healthcare,Germany,Performance Testing,340,840562,1616816,No,16,9,Apr
Client_64,EdTech,UK,DevOps QA,100,1504383,2734618,No,14,8,May
Client_58,Healthcare,Singapore,Mobile Testing,244,928675,2004763,Yes,8,7,May
Client_17,Banking,Singapore,Test Automation,83,950292,2763815,Yes,15,7,Oct
Client_87,EdTech,Australia,Security Testing,291,1329099,761607,No,15,6,Aug
Client_6,Healthcare,UAE,Functional Testing,346,520081,1997437,No,10,8,Nov
Client_151,Retail,Australia,Cloud Testing,90,1185785,338230,Yes,3,10,Apr
Client_142,Insurance,Australia,Performance Testing,174,132225,1129326,Yes,3,4,May
Client_59,EdTech,USA,Functional Testing,88,1645444,987540,Yes,20,9,Aug
Client_151,Telecom,UAE,DevOps QA,84,1575602,1717918,Yes,10,5,Feb
Client_57,Healthcare,India,Test Automation,284,243900,804274,No,5,4,Jun
Client_2,E-commerce,UAE,Security Testing,131,289091,509931,Yes,17,6,Jul
Client_19,Healthcare,Germany,DevOps QA,341,1252579,621321,Yes,9,7,Jul
Client_182,EdTech,India,Mobile Testing,132,696626,378749,No,11,8,Mar
Client_162,Healthcare,UAE,Performance Testing,164,1622823,1169418,Yes,8,7,Aug
Client_16,Automotive,Singapore,Security Testing,297,1840142,2754673,Yes,4,6,Aug
Client_59,E-commerce,Germany,Performance Testing,133,1272546,769402,Yes,15,4,Jul
Client_18,EdTech,UAE,Functional Testing,213,1322497,1356638,No,16,7,Sep
Client_9,Insurance,Germany,Functional Testing,239,830008,207601,Yes,11,5,Oct
Client_85,Automotive,Singapore,Mobile Testing,181,828708,1589784,Yes,7,6,Dec
Client_19,E-commerce,USA,Cloud Testing,112,1810258,616733,No,5,4,Jul
Client_132,Telecom,USA,API Testing,50,679878,1429757,Yes,14,8,Mar
Client_61,Healthcare,Australia,API Testing,310,574576,2037695,No,8,10,Aug
Client_72,Healthcare,UK,Functional Testing,284,1371636,2126315,No,6,4,Jan
Client_172,Banking,UAE,Functional Testing,136,507948,245412,Yes,3,9,Jul
Client_125,E-commerce,UK,Test Automation,276,1053698,1541991,Yes,19,5,Jul
Client_55,Healthcare,Germany,Mobile Testing,199,947158,1026649,Yes,16,9,Feb
Client_139,Banking,UAE,DevOps QA,150,1305666,2406558,No,17,7,May
Client_34,Banking,USA,API Testing,31,109754,1038669,Yes,18,4,Oct
Client_186,EdTech,India,Mobile Testing,36,647582,1004804,Yes,6,5,Sep
Client_147,Healthcare,UK,DevOps QA,75,467074,2441869,Yes,10,5,Mar
Client_148,Automotive,Germany,DevOps QA,86,953823,2344736,Yes,9,5,Sep
Client_122,Telecom,UK,DevOps QA,323,1161658,1234890,Yes,9,6,Dec
Client_63,Automotive,USA,Performance Testing,282,323273,2451834,Yes,11,6,Mar
Client_122,Automotive,USA,API Testing,106,1271533,2175959,No,12,4,May
Client_105,Healthcare,India,Cloud Testing,76,251804,2763227,Yes,18,9,Jul
Client_49,Retail,Germany,Test Automation,291,1155222,742854,Yes,15,9,Aug
Client_25,Insurance,UK,DevOps QA,68,717090,2952888,Yes,7,4,May
Client_25,Banking,USA,API Testing,81,812960,227127,Yes,16,4,Aug
Client_169,Healthcare,Germany,API Testing,161,345385,1729602,No,9,7,May
Client_111,EdTech,USA,Functional Testing,359,1783891,2595299,Yes,9,7,Jul
Client_91,Banking,India,API Testing,148,1176440,2933039,Yes,12,10,Sep
Client_109,Telecom,India,Mobile Testing,263,640422,2359555,No,9,4,Oct
Client_106,Retail,Singapore,Functional Testing,181,1937342,332376,Yes,16,8,Aug
Client_120,Insurance,UAE,Cloud Testing,165,1228065,1221461,Yes,8,10,Feb
Client_187,Healthcare,Germany,Security Testing,267,1805293,864372,No,16,9,Jun
Client_14,Telecom,Singapore,API Testing,55,1763857,402119,No,7,6,Mar
Client_173,E-commerce,India,DevOps QA,81,1305639,1341239,No,3,10,Dec
Client_168,Retail,Germany,Cloud Testing,119,624584,991780,Yes,12,6,Aug
Client_166,Automotive,Australia,Cloud Testing,50,1555825,2741932,Yes,11,5,Apr
Client_26,Retail,USA,Security Testing,178,1028553,1287836,Yes,10,4,Mar
Client_16,Telecom,India,Performance Testing,214,890794,372655,No,17,7,Apr
Client_104,Healthcare,UK,Performance Testing,190,1281050,2100187,Yes,10,5,Jan
Client_187,Retail,USA,Cloud Testing,248,1114245,2896253,Yes,14,6,Jan
Client_87,Healthcare,Singapore,DevOps QA,89,1714738,184956,Yes,17,10,Sep
Client_28,EdTech,Germany,Mobile Testing,78,610180,429331,Yes,5,4,Dec
Client_64,Healthcare,Singapore,Security Testing,53,1688536,1780095,No,3,10,Dec
Client_50,Telecom,Singapore,Security Testing,34,812320,2919804,No,18,6,Jun
Client_49,Insurance,Germany,Mobile Testing,100,1726548,1287958,Yes,7,8,Aug
Client_138,EdTech,USA,Test Automation,361,1062274,2930746,No,13,10,Jul
Client_115,Insurance,Australia,Performance Testing,117,1529407,2918661,Yes,15,5,Jul
Client_36,Retail,UAE,Security Testing,198,1066200,1660868,Yes,9,4,Jul
Client_109,Automotive,UAE,Mobile Testing,213,1980146,602529,No,15,10,Dec
Client_47,E-commerce,UAE,Performance Testing,254,1330664,230020,Yes,16,8,Jun
Client_72,Telecom,Germany,Cloud Testing,348,1907793,1376815,Yes,11,8,Jul
Client_119,Insurance,India,Functional Testing,167,157358,2873827,No,5,7,Aug
Client_64,E-commerce,Australia,Cloud Testing,77,1110764,1771195,Yes,6,10,May
Client_20,Banking,India,Functional Testing,220,343832,1119591,Yes,20,4,Nov
Client_114,Healthcare,Germany,Security Testing,205,640687,1746776,Yes,4,9,Oct
Client_141,Insurance,UK,DevOps QA,123,241671,2282972,Yes,4,7,Feb
Client_26,EdTech,USA,Mobile Testing,88,902523,567768,Yes,13,8,Jul
Client_13,Telecom,UK,DevOps QA,235,1428885,1473118,No,10,4,Jan
Client_167,Healthcare,Germany,Mobile Testing,234,1753931,2182820,No,18,4,Feb
Client_139,E-commerce,Germany,API Testing,263,562175,2654445,Yes,14,4,Jul
Client_4,Telecom,Australia,Security Testing,169,1519589,2379526,Yes,4,4,Oct
Client_24,Insurance,India,Mobile Testing,227,1570472,519185,No,3,7,Mar
Client_193,Automotive,USA,Test Automation,274,582198,931891,Yes,11,6,Apr
Client_61,EdTech,Singapore,Test Automation,245,1778060,984143,No,19,10,Jul
Client_43,Banking,Australia,Performance Testing,362,762135,2249881,Yes,15,9,May
Client_105,Telecom,USA,Security Testing,115,964919,2070933,Yes,12,4,Dec
Client_125,Automotive,India,Test Automation,87,840496,2501693,Yes,15,10,Jun
Client_124,Insurance,Australia,Performance Testing,97,1183187,240129,Yes,14,5,Sep
Client_55,EdTech,Singapore,API Testing,60,1223343,316733,Yes,7,4,Dec
Client_103,Healthcare,Australia,Security Testing,111,120391,1187637,Yes,20,10,Aug
Client_16,E-commerce,Singapore,Security Testing,83,1569723,2370528,No,4,7,Nov
Client_43,Insurance,USA,Test Automation,243,1845201,1428958,No,8,4,Dec
Client_98,Retail,Germany,Cloud Testing,332,652284,1549092,Yes,11,6,Jun
Client_1,Banking,Australia,Functional Testing,277,620633,2204927,Yes,8,8,Dec
Client_100,Banking,UAE,API Testing,321,702489,1800038,Yes,19,9,Jan
Client_68,Healthcare,India,DevOps QA,254,295054,808527,Yes,18,7,Nov
Client_117,EdTech,India,API Testing,122,936618,227058,Yes,13,4,Jul
Client_74,Insurance,UAE,DevOps QA,342,1512846,1604500,No,17,4,Jul
Client_109,Insurance,UK,Performance Testing,224,1670322,1626030,Yes,7,9,Dec
Client_179,Automotive,UK,Mobile Testing,213,1821918,1640563,Yes,5,4,Apr
Client_188,Retail,India,DevOps QA,343,817211,2772408,Yes,13,8,Apr
Client_143,E-commerce,UAE,Performance Testing,44,259443,1418048,Yes,19,4,Aug
Client_170,EdTech,UAE,Mobile Testing,96,1262978,1140714,Yes,16,6,Jan
Client_184,Telecom,Singapore,API Testing,277,474311,2252401,No,7,10,Jun
Client_125,E-commerce,Germany,Test Automation,279,1099409,1307117,Yes,11,7,Nov
Client_40,Retail,UK,Cloud Testing,87,758238,410087,Yes,6,7,Dec
Client_49,E-commerce,UK,DevOps QA,240,841422,2774763,Yes,13,4,Nov
Client_76,Insurance,Singapore,Functional Testing,255,558366,1230785,Yes,4,8,Jan
Client_56,EdTech,USA,Cloud Testing,53,1975517,1773911,Yes,7,10,Dec
Client_15,E-commerce,Australia,Performance Testing,62,1303162,273588,Yes,18,7,Nov
Client_149,Healthcare,UK,Performance Testing,163,664292,2477584,No,11,5,Nov
Client_189,Banking,Singapore,Test Automation,365,483326,1325218,Yes,14,10,Mar
Client_139,Telecom,UAE,Functional Testing,190,1664803,1096162,Yes,16,8,May
Client_16,Automotive,USA,Security Testing,36,1532579,786310,Yes,12,10,Oct
Client_192,EdTech,Australia,Performance Testing,298,498810,1583555,No,11,9,Aug
Client_81,EdTech,India,API Testing,325,1146477,1797718,Yes,11,8,Nov
Client_15,Automotive,UAE,Functional Testing,319,1645836,2905371,Yes,19,4,Mar
Client_13,Telecom,USA,Security Testing,144,518731,725713,No,13,7,May
Client_150,Insurance,Germany,Test Automation,203,592539,518238,No,16,7,Apr
Client_123,Telecom,Singapore,Test Automation,295,1642306,1753092,Yes,8,7,Oct
Client_129,Telecom,Germany,Mobile Testing,297,607629,2334048,Yes,13,10,Oct
Client_136,Banking,UAE,Performance Testing,346,1930273,2993716,Yes,18,7,Nov
Client_41,E-commerce,Germany,Cloud Testing,78,656595,2718794,No,7,8,Mar
Client_15,Healthcare,USA,API Testing,251,533646,2773640,Yes,20,8,Jan
Client_131,Automotive,India,Security Testing,157,580683,1103902,Yes,17,4,Feb
Client_21,Insurance,Germany,Performance Testing,276,525232,1900422,Yes,4,6,Feb
Client_48,EdTech,UAE,Functional Testing,207,1850997,1158146,Yes,9,9,Nov
Client_18,Insurance,Australia,Cloud Testing,358,623649,2552910,Yes,7,9,Dec
Client_153,Automotive,UAE,Performance Testing,227,1853921,790676,Yes,4,10,Jul
Client_18,Banking,UK,Performance Testing,106,1397291,1938723,Yes,10,4,Jul
Client_173,Banking,Germany,Performance Testing,315,846643,1460228,Yes,8,7,Dec
Client_61,Telecom,Australia,Mobile Testing,343,427146,2689101,Yes,4,8,Oct
Client_104,Automotive,USA,Mobile Testing,57,1733552,1531120,No,18,6,Feb
Client_31,Retail,USA,DevOps QA,35,323743,2033952,Yes,11,8,Sep
Client_146,Automotive,UK,API Testing,359,351403,2424293,Yes,8,5,Apr
Client_64,Insurance,Australia,Cloud Testing,110,264600,702692,No,17,4,Jul
Client_149,Automotive,Germany,API Testing,288,1517280,1017202,Yes,16,4,Mar
Client_153,Automotive,Singapore,API Testing,270,1491301,2886668,Yes,6,4,Jul
Client_11,Automotive,Australia,Performance Testing,283,1133193,731232,Yes,18,8,May
Client_159,Telecom,Singapore,Test Automation,114,1387288,2587019,Yes,4,9,Dec
Client_21,Retail,UK,API Testing,68,113890,2420602,No,17,4,May
Client_108,Banking,UAE,Security Testing,281,1702736,998550,No,14,8,Sep
Client_169,Healthcare,India,Mobile Testing,194,1897446,729273,Yes,20,10,Sep
Client_150,Retail,Singapore,Functional Testing,153,1235553,1446033,No,18,10,Nov
Client_145,Retail,Germany,API Testing,199,188632,2346999,No,17,5,Jul
Client_134,Healthcare,India,Cloud Testing,172,1878407,717290,Yes,18,8,Oct
Client_81,Retail,USA,Security Testing,55,1111439,1953820,Yes,6,5,May
Client_67,Insurance,USA,Functional Testing,289,878455,758813,Yes,7,9,Dec
Client_53,Banking,Singapore,Performance Testing,144,1401634,2902435,Yes,6,8,Jul
Client_172,Retail,UAE,Performance Testing,311,761477,2519128,Yes,14,6,Dec
Client_184,Banking,USA,API Testing,359,1132512,812901,Yes,5,6,Feb
Client_81,Telecom,India,Performance Testing,223,1983496,1481675,Yes,9,7,Feb
Client_62,Automotive,UAE,Cloud Testing,236,1947564,434432,No,12,7,Nov
Client_68,Telecom,Singapore,Mobile Testing,150,1981144,2487654,No,8,9,Oct
Client_102,Banking,USA,Cloud Testing,70,1304854,2385402,Yes,8,8,Jun
Client_34,Retail,Singapore,Mobile Testing,265,1921940,646552,Yes,19,7,Mar
Client_172,Healthcare,Australia,API Testing,257,676156,922319,No,11,5,May
Client_166,Banking,UAE,Functional Testing,323,1129293,1482100,Yes,9,5,Dec
Client_77,Retail,UAE,DevOps QA,259,483510,760366,Yes,3,5,Apr
Client_118,E-commerce,UAE,Performance Testing,75,1702774,273662,Yes,19,10,Dec
Client_81,Insurance,UK,Functional Testing,285,1171924,1486672,Yes,8,4,Jul
Client_193,Insurance,Germany,DevOps QA,258,687761,1886610,Yes,16,4,Dec
Client_19,EdTech,UK,Test Automation,191,934413,1874914,No,5,5,May
Client_3,EdTech,India,DevOps QA,90,565762,1422334,Yes,10,6,Jan
Client_118,Telecom,UAE,Functional Testing,284,1673219,2008095,Yes,18,8,Mar
Client_160,Insurance,Germany,Functional Testing,364,1309354,2821131,Yes,6,7,Aug
Client_145,EdTech,UAE,Cloud Testing,39,368951,1298384,Yes,13,8,Jan
Client_26,Automotive,Germany,DevOps QA,82,213556,787354,Yes,3,9,Feb
Client_19,Banking,USA,Test Automation,236,1202547,938250,Yes,12,10,Feb
Client_138,Healthcare,India,Functional Testing,241,1776190,597831,Yes,6,6,Dec
Client_55,EdTech,Germany,Security Testing,48,987464,701743,Yes,15,6,Jul
Client_130,Banking,India,Cloud Testing,315,1103109,924882,Yes,14,8,Sep
Client_68,Banking,Singapore,Performance Testing,311,1234072,259883,Yes,6,8,Jul
Client_34,EdTech,UAE,Functional Testing,30,168288,2716836,Yes,13,10,Nov
Client_90,E-commerce,USA,Security Testing,76,1153766,2737661,Yes,7,5,May
Client_18,E-commerce,Singapore,Performance Testing,339,828317,1269302,No,3,5,Dec
Client_63,Insurance,Germany,Test Automation,346,925684,2690089,No,5,7,Jul
Client_95,EdTech,UK,Mobile Testing,356,1904389,2528351,Yes,17,6,Mar
Client_73,EdTech,Germany,Mobile Testing,185,1539356,2718432,Yes,18,8,Mar
Client_41,Insurance,Australia,API Testing,290,1727188,1118512,Yes,17,6,Jun
Client_113,Insurance,UAE,Cloud Testing,317,466582,2651318,Yes,11,6,Mar
Client_140,Telecom,Germany,Cloud Testing,135,1058809,1123844,Yes,3,6,Dec
Client_181,Retail,India,Mobile Testing,365,352430,1118516,Yes,13,4,Mar
Client_78,Insurance,Germany,API Testing,263,1564324,259406,No,4,8,Apr
Client_157,Retail,UAE,Security Testing,204,1186754,1656851,Yes,17,8,Aug
Client_168,Healthcare,UAE,Performance Testing,216,1064837,483344,Yes,13,9,Mar
Client_136,Telecom,UK,Test Automation,57,761968,2149014,Yes,7,9,Sep
Client_3,E-commerce,USA,Performance Testing,144,1545379,712400,Yes,9,5,Feb
Client_171,Healthcare,USA,Test Automation,262,117655,2256902,Yes,4,4,Aug
Client_142,EdTech,USA,DevOps QA,199,124788,2686344,Yes,12,5,Oct
Client_77,E-commerce,Singapore,Functional Testing,316,1513696,2116136,Yes,13,8,Apr
Client_170,Insurance,USA,Test Automation,347,541979,2874487,Yes,4,10,Mar
Client_27,Insurance,Singapore,Test Automation,337,895718,1718499,Yes,5,10,Apr
Client_35,Automotive,Germany,Cloud Testing,272,1318462,921653,Yes,20,8,Jan
Client_68,E-commerce,UK,DevOps QA,216,311283,1775126,Yes,15,10,Dec
Client_30,EdTech,UAE,Cloud Testing,261,782489,2211272,Yes,5,4,Mar
Client_28,Automotive,Singapore,Cloud Testing,88,858335,2137458,Yes,15,7,Apr
Client_191,E-commerce,Germany,Cloud Testing,79,1385088,726770,Yes,11,6,May
Client_142,Telecom,UK,Performance Testing,143,1907413,836969,Yes,8,5,Jul
Client_40,EdTech,Singapore,API Testing,31,644631,960590,Yes,10,5,Aug
Client_70,E-commerce,Australia,DevOps QA,204,492487,1099058,Yes,15,9,Nov
Client_73,E-commerce,UK,Performance Testing,211,1250420,285180,Yes,5,5,Oct
Client_155,Insurance,Australia,DevOps QA,354,651234,1863747,Yes,3,10,Feb
Client_54,Telecom,Germany,Performance Testing,179,597316,212974,No,9,4,Nov
Client_184,E-commerce,Australia,Functional Testing,310,664990,1281869,Yes,8,6,Mar
Client_88,Telecom,USA,API Testing,297,1088482,1882432,Yes,15,5,Feb
Client_53,Healthcare,Australia,Mobile Testing,221,1385730,1083460,Yes,15,9,May
Client_176,Telecom,USA,Cloud Testing,84,819525,2965800,No,12,7,Feb
Client_163,Retail,Germany,Performance Testing,53,867398,1000745,No,7,9,Jul
Client_68,EdTech,Australia,DevOps QA,114,485694,1007995,No,6,9,Feb
Client_130,Insurance,UK,Cloud Testing,282,1145996,427395,Yes,12,7,May
Client_126,Insurance,Australia,Functional Testing,101,989072,892719,Yes,18,8,Feb
Client_65,Insurance,Australia,Test Automation,239,541518,1992495,Yes,16,9,Jun
Client_14,Insurance,India,Functional Testing,84,978901,2738134,Yes,12,6,Jan
Client_24,E-commerce,UK,Performance Testing,160,1569500,2204969,Yes,7,10,Oct
Client_163,Insurance,Singapore,Cloud Testing,342,1677468,1512711,No,14,8,Apr
Client_109,Telecom,UK,Performance Testing,130,880789,2069082,Yes,6,8,Aug
Client_71,Retail,Germany,Security Testing,126,865624,1185086,Yes,14,6,Aug
Client_12,Banking,UAE,Test Automation,91,1891651,1943298,Yes,19,8,Nov
Client_1,Telecom,India,DevOps QA,231,940103,1848134,Yes,9,6,Feb
Client_86,Insurance,UK,API Testing,140,686425,325432,Yes,18,7,Jan
Client_198,E-commerce,India,Performance Testing,264,1045247,2699843,No,17,6,Jan
Client_34,Telecom,India,Test Automation,127,477255,1745404,Yes,15,5,May
Client_164,E-commerce,Australia,API Testing,203,1298333,1462387,Yes,18,4,Jan
Client_68,Banking,UK,Test Automation,85,375018,1803187,Yes,11,7,Nov
Client_42,Healthcare,UK,API Testing,242,1307734,2714837,No,16,10,Oct
Client_190,Healthcare,USA,Security Testing,53,1538671,2548866,No,5,4,Jan
Client_114,Telecom,UK,Mobile Testing,354,579339,2640602,No,16,7,Feb
Client_142,Insurance,UK,DevOps QA,331,1807481,2398815,No,14,5,Apr
Client_181,Automotive,USA,API Testing,93,309442,2352976,Yes,8,4,Sep
Client_110,Retail,USA,Mobile Testing,260,1611659,2840200,Yes,16,9,Jan
Client_144,EdTech,UAE,API Testing,264,666124,311530,No,16,5,Jul
Client_3,Automotive,Australia,DevOps QA,331,1786293,2333760,No,5,9,Oct
Client_29,Insurance,UK,Performance Testing,288,594519,608505,Yes,4,5,Sep
Client_20,Telecom,Singapore,Test Automation,98,1264632,2044187,Yes,19,7,May
Client_177,Telecom,India,Mobile Testing,285,1006428,2066379,Yes,13,8,Aug
Client_39,Insurance,Germany,Cloud Testing,32,1895809,327905,No,17,5,Aug
Client_140,Healthcare,USA,DevOps QA,301,898770,1180631,Yes,10,5,Jun
Client_10,Automotive,Germany,Performance Testing,54,511174,2325596,Yes,7,7,Oct
Client_95,E-commerce,UK,DevOps QA,313,405856,2405986,Yes,18,9,Jul
Client_150,Banking,Singapore,Performance Testing,251,1777800,1809313,Yes,19,10,Jun
Client_142,Healthcare,India,Security Testing,329,1648834,314633,No,19,10,Jun
Client_38,Banking,UK,Security Testing,277,413625,2489167,Yes,5,6,Nov
Client_111,Retail,Singapore,Mobile Testing,290,1091925,1774864,Yes,12,10,Jun
Client_33,Healthcare,Australia,Test Automation,120,1789609,2314792,Yes,17,9,Jun
Client_11,Healthcare,India,Security Testing,326,120431,2795131,Yes,16,7,Apr
Client_79,Telecom,Singapore,API Testing,118,470372,356760,Yes,5,5,Jun
Client_94,Telecom,USA,Mobile Testing,95,983992,946290,No,18,7,Nov
Client_11,Banking,UK,API Testing,83,1147732,1371294,Yes,12,5,Jul
Client_92,Retail,Singapore,DevOps QA,228,382007,1993622,Yes,7,10,Jul
Client_54,Retail,Singapore,Performance Testing,337,1973323,1819500,Yes,7,4,Oct
Client_175,E-commerce,UK,Performance Testing,340,1881299,1427392,Yes,12,6,Jan
Client_64,Insurance,India,Functional Testing,194,1422573,1349212,Yes,10,4,Jun
Client_171,Retail,UK,Test Automation,288,1184242,2085030,Yes,19,4,Jun
Client_27,Banking,Singapore,Test Automation,226,1219842,848295,No,16,6,Feb
Client_91,Insurance,Germany,Test Automation,244,1611124,1921934,Yes,12,4,Jan
Client_200,Automotive,Australia,Functional Testing,341,762128,1384885,Yes,4,8,Aug
Client_144,E-commerce,UAE,Test Automation,157,1746962,2721671,No,20,4,Dec
Client_105,E-commerce,Germany,Security Testing,170,1120516,378785,Yes,5,5,Jul
Client_159,EdTech,India,Mobile Testing,233,729217,2318327,No,4,6,Dec
Client_192,Telecom,Singapore,Cloud Testing,205,626330,746596,Yes,19,7,Mar
Client_40,Retail,UAE,API Testing,180,1278889,2094391,No,6,5,Jan
Client_61,Telecom,Australia,API Testing,261,1900409,2859946,Yes,19,9,Oct
Client_42,Healthcare,India,Test Automation,98,1290835,2044559,Yes,16,8,Feb
Client_46,Telecom,Germany,Cloud Testing,100,200053,529336,Yes,16,10,Sep
Client_106,Insurance,USA,Functional Testing,241,935509,2249910,Yes,6,6,May
Client_7,Banking,UK,Mobile Testing,338,307565,624676,Yes,17,4,Dec
Client_46,Retail,India,Functional Testing,292,1548174,904015,Yes,11,4,Apr
Client_189,Retail,India,Cloud Testing,183,442552,2605545,No,14,5,Jun
Client_86,Banking,Singapore,Mobile Testing,310,225905,2441797,Yes,11,5,Aug
Client_106,Insurance,UAE,DevOps QA,190,551867,717517,Yes,5,6,Oct
Client_172,Healthcare,Germany,Performance Testing,313,1806700,1798641,Yes,19,5,Nov
Client_189,EdTech,India,Mobile Testing,353,633284,1884593,Yes,3,5,Nov
Client_64,E-commerce,UK,Performance Testing,141,1099375,1506693,Yes,6,6,Aug
Client_69,EdTech,India,Test Automation,132,1859451,2041152,Yes,17,9,Sep
Client_41,EdTech,India,API Testing,137,1420916,254488,Yes,8,5,Jul
Client_180,E-commerce,Singapore,Functional Testing,349,301959,900271,No,8,6,Nov
Client_28,Healthcare,India,Test Automation,178,1043413,2052874,Yes,15,10,Apr
Client_98,Automotive,UAE,Cloud Testing,206,1661525,2625962,No,4,8,Jan
Client_10,Insurance,Singapore,Performance Testing,97,801825,996964,Yes,5,5,Nov
Client_121,Telecom,USA,Security Testing,362,644775,2057079,Yes,16,5,Jun
Client_57,E-commerce,Australia,DevOps QA,121,856992,528240,Yes,12,5,Jan
Client_52,Insurance,USA,DevOps QA,287,855617,1198921,Yes,13,4,Nov
Client_118,Healthcare,Australia,Mobile Testing,307,1275139,1509268,Yes,17,5,Jun
Client_90,EdTech,Germany,Performance Testing,356,1269144,2870326,Yes,17,10,Jan
Client_79,Healthcare,Germany,Security Testing,195,1798726,837840,Yes,11,6,Dec
Client_59,Banking,Germany,Test Automation,89,640467,668182,No,13,4,Jun
Client_58,Automotive,Singapore,Mobile Testing,210,821714,532483,Yes,8,4,Nov
Client_7,E-commerce,UAE,Functional Testing,317,141597,628842,No,9,10,Aug
Client_169,Banking,Singapore,DevOps QA,275,963525,2034913,Yes,8,9,Apr
Client_50,Banking,Singapore,DevOps QA,328,354253,2809492,Yes,5,5,Oct
Client_103,Automotive,Australia,Functional Testing,322,836290,1672294,Yes,11,7,Aug
Client_85,Healthcare,Singapore,Security Testing,243,1919003,507801,Yes,6,9,Jul
Client_72,Automotive,Singapore,Mobile Testing,303,1525194,2347049,No,16,10,Dec
Client_18,Retail,India,Security Testing,176,1369984,1760979,No,20,4,Oct
Client_198,Healthcare,Germany,Functional Testing,246,517245,2296084,No,3,6,Feb
Client_72,Healthcare,Germany,Functional Testing,36,1309750,2717218,No,3,5,Jun
Client_90,Telecom,Australia,API Testing,297,1307738,820667,No,15,6,Jul
Client_165,Insurance,UK,Test Automation,84,1462866,1738293,No,6,7,Aug
Client_131,Banking,USA,Cloud Testing,42,1461326,2458317,Yes,3,5,Nov
Client_103,EdTech,Germany,Test Automation,225,1229186,1746381,No,8,6,Dec
Client_174,E-commerce,Australia,Functional Testing,104,466034,334155,Yes,18,10,Feb
Client_138,Retail,UAE,Mobile Testing,57,1736426,866743,Yes,17,6,Dec
Client_85,Retail,India,Test Automation,58,696867,1555901,Yes,15,9,Jul
Client_8,E-commerce,USA,Mobile Testing,132,844717,2521843,Yes,18,5,May
Client_30,Automotive,UK,Test Automation,166,781763,2916270,Yes,12,8,Oct
Client_67,Telecom,Singapore,Cloud Testing,112,1511787,779521,Yes,14,10,Apr
Client_46,Insurance,UK,DevOps QA,176,1170479,829997,No,15,8,Dec
Client_149,E-commerce,USA,Performance Testing,158,1122348,756527,Yes,12,7,Mar
Client_68,Banking,Germany,Functional Testing,104,1724756,900221,Yes,5,9,Sep
Client_10,E-commerce,USA,Functional Testing,61,1644607,365211,No,7,4,Oct
Client_28,Banking,Australia,Cloud Testing,181,1037280,1909853,No,7,4,Dec
Client_153,EdTech,India,Security Testing,134,1965694,1442106,Yes,3,5,Sep
Client_112,Insurance,Australia,Test Automation,307,264432,1448213,Yes,9,5,Jan
Client_89,Telecom,India,API Testing,46,899163,2021742,Yes,6,10,Mar
Client_187,E-commerce,UAE,DevOps QA,213,1386946,1361233,Yes,3,5,Aug
Client_81,E-commerce,Singapore,Performance Testing,261,700883,2777533,No,9,5,Feb
Client_112,E-commerce,Germany,Test Automation,82,1072558,907894,No,3,8,May
Client_156,Healthcare,Germany,Functional Testing,345,1424796,643057,Yes,9,7,Nov
Client_131,Insurance,UK,Cloud Testing,317,403768,701848,No,18,9,Sep
Client_30,E-commerce,Singapore,Mobile Testing,144,1920868,1000821,Yes,7,6,Aug
Client_99,Banking,UK,Security Testing,361,451431,164818,Yes,10,6,Mar
Client_148,Telecom,Singapore,Performance Testing,317,1443394,2761207,Yes,16,8,Aug
Client_49,Retail,Australia,Performance Testing,229,1793905,1211624,No,20,7,Feb
Client_66,EdTech,USA,API Testing,151,807554,201203,Yes,9,9,Aug
Client_12,Telecom,USA,Cloud Testing,291,984613,2073686,Yes,5,5,Nov
Client_182,Insurance,Singapore,Performance Testing,177,1423876,2237201,Yes,12,4,Sep
Client_112,E-commerce,UAE,Test Automation,54,1384107,2241457,Yes,17,10,Apr
Client_1,Insurance,USA,Cloud Testing,225,1298810,2429609,Yes,7,8,Apr
Client_134,Automotive,UAE,API Testing,228,948869,174119,Yes,18,8,Apr
Client_138,E-commerce,USA,Functional Testing,243,1880273,2700069,No,16,5,Mar
Client_176,E-commerce,Germany,DevOps QA,190,249619,2219749,Yes,3,10,Nov
Client_185,Insurance,Australia,DevOps QA,312,265909,1147734,Yes,6,8,Dec
Client_190,E-commerce,India,Mobile Testing,57,439737,1059634,Yes,8,6,Feb
Client_189,Healthcare,India,Cloud Testing,36,820634,2619867,No,7,10,Feb
Client_172,Telecom,Australia,Mobile Testing,158,578607,2916020,Yes,17,5,Jul
Client_51,Automotive,Germany,Mobile Testing,133,757419,2145280,Yes,18,6,Dec
Client_94,Telecom,Singapore,Security Testing,347,764541,2053117,No,18,5,Jan
Client_111,Retail,UK,DevOps QA,256,1469467,1870299,Yes,3,4,Mar
Client_18,Insurance,Australia,Functional Testing,145,711018,2003359,Yes,17,9,Jun
Client_171,Insurance,India,Performance Testing,354,1589887,483048,Yes,10,10,Jul
Client_85,Automotive,USA,Functional Testing,361,660930,2671685,No,9,6,May
Client_160,Telecom,USA,API Testing,218,1369584,2667010,No,12,10,Apr
Client_81,Telecom,India,Performance Testing,331,1451917,177569,Yes,15,5,Dec
Client_170,Retail,India,API Testing,309,929329,1176401,Yes,4,10,May
Client_32,Automotive,UK,Performance Testing,338,668848,2445717,Yes,13,8,Nov
Client_185,Insurance,India,API Testing,130,1961624,1316490,Yes,3,8,Aug
Client_77,Retail,Singapore,Security Testing,129,1033019,2749487,No,6,7,Nov
Client_130,Healthcare,UK,Security Testing,180,1737821,2786688,Yes,16,5,Feb
Client_80,Automotive,Germany,Mobile Testing,259,1909436,2488528,Yes,16,9,Nov
Client_171,Retail,Germany,Cloud Testing,120,861611,1020895,Yes,18,4,Mar
Client_105,Retail,Australia,Performance Testing,68,1668450,355180,Yes,20,10,Sep
Client_84,Insurance,India,Mobile Testing,125,1330859,925275,Yes,12,7,Nov
Client_104,Retail,USA,Functional Testing,118,1192481,771831,Yes,4,10,Dec
Client_179,EdTech,Germany,Security Testing,293,1044323,380954,No,18,9,Aug
Client_76,EdTech,India,DevOps QA,91,968197,2890041,Yes,15,8,Feb
Client_142,EdTech,Singapore,Security Testing,223,450891,1613895,No,18,4,Dec
Client_33,Telecom,Singapore,DevOps QA,50,485637,304019,Yes,19,5,Jun
Client_50,Telecom,USA,Performance Testing,249,1891412,759744,Yes,18,8,Apr
Client_108,Retail,UK,Performance Testing,172,148446,286030,Yes,10,7,Oct
Client_171,EdTech,USA,API Testing,314,362227,2947586,No,4,10,Oct
Client_98,Insurance,Australia,DevOps QA,165,1626249,2574696,Yes,19,9,Feb
Client_174,EdTech,Australia,Test Automation,96,592048,2680362,Yes,3,10,Nov
Client_192,EdTech,Australia,Functional Testing,112,1488361,1401754,No,16,8,Jun
Client_45,Healthcare,India,Mobile Testing,329,627742,1538780,Yes,13,6,Jul
Client_158,Healthcare,USA,API Testing,160,1660019,517851,Yes,20,7,Dec
Client_146,Banking,UK,Performance Testing,32,1569467,355652,Yes,5,8,Dec
Client_78,Telecom,UAE,Functional Testing,199,1672318,606707,Yes,11,7,Dec
Client_104,Insurance,USA,Mobile Testing,268,267907,1898844,Yes,16,5,Dec
Client_141,Healthcare,Australia,Cloud Testing,109,541600,897627,No,18,6,Jul
Client_1,EdTech,Germany,Test Automation,50,450036,826688,No,6,9,Nov
Client_78,EdTech,UK,DevOps QA,108,932664,2968951,No,18,6,Nov
Client_74,Banking,UAE,DevOps QA,195,316026,1342778,Yes,14,8,Sep
Client_54,Banking,UK,API Testing,335,300390,2713096,Yes,17,9,Jul
Client_111,Telecom,UK,Test Automation,56,233782,2922118,No,16,7,Apr
Client_149,Healthcare,Australia,Cloud Testing,350,1942748,2645480,Yes,3,9,Apr
Client_156,Insurance,Germany,Security Testing,345,1092342,2550327,Yes,8,7,May
Client_168,Insurance,Australia,Functional Testing,184,1250148,2507942,Yes,12,7,Feb
Client_83,E-commerce,UAE,Performance Testing,281,212880,894150,Yes,9,6,May
Client_120,EdTech,USA,Security Testing,323,155291,2059825,No,18,8,Feb
Client_114,Banking,UAE,Performance Testing,311,1716765,2578360,Yes,14,7,Feb
Client_114,EdTech,USA,API Testing,213,932595,1660740,No,17,9,Feb
Client_173,Automotive,Germany,Performance Testing,67,1198871,300324,Yes,10,10,Jun
Client_55,Telecom,UK,Test Automation,192,1704313,540599,Yes,19,8,Dec
Client_131,EdTech,USA,Test Automation,299,274590,1405332,No,10,9,Oct
Client_122,Retail,Singapore,Functional Testing,142,317953,1504012,Yes,13,4,Apr
Client_189,Banking,UAE,API Testing,124,650402,1695892,Yes,17,5,Dec
Client_44,EdTech,UAE,Functional Testing,296,1396254,1739386,Yes,7,5,Feb
Client_169,Insurance,India,Cloud Testing,64,425633,433814,No,12,5,Oct
Client_22,Telecom,UK,Mobile Testing,288,276813,1942326,No,15,7,Jun
Client_73,Insurance,UK,Performance Testing,111,1473283,2458843,No,16,10,Mar
Client_132,Retail,Germany,DevOps QA,242,1956967,422318,No,14,5,Jun
Client_170,Banking,USA,Performance Testing,308,917566,1378229,Yes,18,7,Jul
Client_163,Automotive,Germany,Test Automation,304,748797,2124748,No,8,5,Oct
Client_159,EdTech,Germany,Performance Testing,236,580994,714325,Yes,9,6,Dec
Client_86,EdTech,Singapore,Functional Testing,77,618828,661802,Yes,12,7,Jan
Client_24,Retail,UK,Security Testing,208,1646845,1300994,Yes,5,7,May
Client_193,Telecom,Singapore,API Testing,143,695958,1530800,Yes,18,8,Jan
Client_61,Telecom,India,Performance Testing,139,1029374,2360619,No,7,5,Oct
Client_173,Healthcare,UAE,Mobile Testing,199,1413825,1885426,No,8,10,Sep
Client_80,E-commerce,Germany,Performance Testing,199,365104,2350525,No,9,6,Apr
Client_58,E-commerce,Germany,Test Automation,214,375308,1030155,No,8,6,Jul
Client_51,Telecom,Singapore,Security Testing,180,1204658,1026823,Yes,18,8,Jul
Client_38,Banking,Australia,Test Automation,141,1858499,2717139,No,6,4,Jun
Client_7,Telecom,UK,API Testing,346,457790,394043,No,16,5,Jun
Client_12,Insurance,UAE,Cloud Testing,301,159918,608446,No,18,10,Nov
Client_63,Telecom,Germany,Cloud Testing,273,173725,2546487,Yes,12,4,Mar
Client_122,Insurance,Singapore,Security Testing,317,1491563,2788127,Yes,10,6,Sep
Client_157,E-commerce,Singapore,Test Automation,362,848350,2368562,Yes,9,7,Nov
Client_197,Healthcare,USA,Cloud Testing,34,1904324,517713,Yes,20,8,Oct
Client_19,Healthcare,UAE,Cloud Testing,88,781996,2178629,Yes,4,6,Oct
Client_117,Retail,Singapore,API Testing,207,1912445,2686622,Yes,3,5,Apr
Client_107,Telecom,USA,Mobile Testing,258,1098568,1354550,Yes,14,8,Feb
Client_162,Insurance,Australia,Functional Testing,153,1079775,1941192,Yes,11,4,Jul
Client_148,Retail,UK,API Testing,358,1926406,2703679,Yes,14,7,Jan
Client_50,Telecom,Singapore,DevOps QA,344,1233687,1477449,Yes,8,8,Sep
Client_184,Healthcare,USA,DevOps QA,348,671294,1239093,Yes,8,8,Aug
Client_179,E-commerce,Australia,Security Testing,154,1250382,2353650,Yes,19,6,Jun
Client_99,Retail,USA,API Testing,50,1032907,2562323,Yes,4,7,Mar
Client_127,Insurance,UAE,Test Automation,194,383356,2764075,Yes,5,7,May
Client_103,Healthcare,Australia,Functional Testing,225,1563021,1634168,No,13,7,Apr
Client_63,E-commerce,Germany,DevOps QA,88,1230968,694056,No,16,7,Aug
Client_38,Telecom,USA,Security Testing,227,471272,2726518,Yes,6,7,Nov
Client_168,Retail,Australia,Cloud Testing,161,1339062,2509859,Yes,10,6,Aug
Client_177,Insurance,Singapore,Security Testing,306,1353224,2232039,No,6,10,Mar
Client_2,E-commerce,India,Test Automation,174,1057440,2329804,Yes,20,7,Oct
Client_193,Telecom,UK,Performance Testing,42,1423402,2800202,No,10,6,May
Client_198,Banking,Singapore,DevOps QA,294,1670581,2237677,No,18,6,Mar
Client_28,Telecom,Singapore,Cloud Testing,221,1433476,2215713,Yes,11,7,Dec
Client_200,Healthcare,UK,API Testing,293,1939818,904585,Yes,13,4,Nov
Client_109,Retail,UK,Cloud Testing,290,1282761,2706033,Yes,14,5,Dec
Client_57,Automotive,USA,Functional Testing,258,1012213,1126105,Yes,4,7,Jan
Client_46,Telecom,Singapore,Functional Testing,279,1197774,1368395,Yes,20,5,Oct
Client_179,EdTech,USA,Test Automation,52,1441729,961830,Yes,11,6,Jun
Client_133,Automotive,UAE,Cloud Testing,181,1441187,156630,Yes,7,9,May
Client_119,Automotive,USA,Mobile Testing,363,1219426,645796,No,19,4,Sep
Client_13,Retail,UAE,Security Testing,128,749406,250607,Yes,6,6,Dec
Client_143,Retail,Germany,Security Testing,194,828064,2099871,Yes,4,4,Feb
Client_64,Insurance,India,Mobile Testing,293,1110096,2773372,Yes,17,6,May
Client_32,Healthcare,Singapore,Mobile Testing,72,1231766,644616,Yes,17,10,Dec
Client_117,Insurance,Australia,Cloud Testing,79,576322,1019608,Yes,6,8,Oct
Client_35,Banking,UAE,DevOps QA,115,1787594,2730788,Yes,6,8,Aug
Client_119,Telecom,India,API Testing,305,287808,1889093,Yes,6,8,Nov
Client_171,Retail,UK,Test Automation,303,1026648,1886614,Yes,20,9,Apr
Client_136,E-commerce,Germany,Mobile Testing,33,745646,340808,No,4,4,Aug
Client_144,Retail,Australia,Functional Testing,350,867103,1550026,No,19,10,May
Client_153,Retail,USA,Test Automation,63,964454,1616538,Yes,6,6,Dec
Client_82,Retail,India,DevOps QA,137,644854,2500552,Yes,8,5,Jul
Client_194,Retail,UAE,Test Automation,352,426563,2823883,Yes,6,4,Jan
Client_114,EdTech,Singapore,Security Testing,139,736638,1040609,No,9,4,Jun
Client_157,Banking,Germany,Mobile Testing,247,122137,197384,No,14,4,Mar
Client_185,E-commerce,UK,Functional Testing,83,100193,2836947,No,8,6,Dec
Client_130,Telecom,UK,API Testing,135,1197473,993840,Yes,12,4,Apr
Client_110,Automotive,India,Performance Testing,305,1809975,1331228,No,17,8,Dec
Client_141,EdTech,Australia,Functional Testing,252,1690256,1217104,Yes,19,5,Apr
Client_115,Healthcare,India,Functional Testing,361,1878272,434525,Yes,18,6,Dec
Client_41,EdTech,USA,DevOps QA,66,385842,1440891,Yes,6,5,Dec
Client_191,Automotive,Australia,Test Automation,108,821178,1409482,No,7,9,Jan
Client_122,Automotive,Australia,Functional Testing,42,701384,2275210,Yes,14,6,Mar
Client_116,Healthcare,UK,Cloud Testing,265,1083979,2456840,Yes,13,6,Aug
Client_67,EdTech,Germany,Mobile Testing,199,1222183,1508635,No,7,6,Dec
Client_193,Automotive,Germany,API Testing,49,117442,175716,Yes,6,9,Jul
Client_64,Telecom,UK,API Testing,74,1542358,627465,Yes,9,10,May
Client_164,EdTech,USA,Functional Testing,67,1131655,1547889,Yes,17,10,Nov
Client_71,EdTech,Singapore,Mobile Testing,57,1684341,1581774,Yes,16,9,Mar
Client_197,Healthcare,USA,Mobile Testing,121,1100482,1811151,Yes,3,10,Jan
Client_200,E-commerce,Australia,Test Automation,158,728328,2536229,Yes,10,6,Sep
Client_134,E-commerce,UAE,Mobile Testing,315,119152,2733663,Yes,18,5,Jul
Client_125,Retail,UAE,API Testing,66,1706144,272127,Yes,13,9,Jun
Client_161,Automotive,India,Functional Testing,324,1002688,886641,No,12,8,Jul
Client_62,Retail,USA,Security Testing,146,1773453,963760,Yes,19,5,Nov
Client_71,Healthcare,USA,DevOps QA,162,714303,1536279,No,8,10,Aug
Client_113,Banking,Germany,API Testing,238,1352007,1567409,Yes,5,10,Jun
Client_20,EdTech,India,Security Testing,228,584893,2970556,Yes,11,9,Jul
Client_183,Telecom,Germany,Test Automation,260,1770942,2159525,No,14,9,Jul
Client_74,Insurance,Australia,Performance Testing,352,115137,2140199,Yes,16,8,Feb
Client_61,Insurance,Singapore,Test Automation,237,1249684,299142,Yes,14,6,Sep
Client_70,Healthcare,USA,Functional Testing,251,883588,2858061,Yes,10,4,Dec
Client_86,Insurance,Germany,Functional Testing,191,495462,719393,No,7,10,May
Client_82,Retail,UK,Test Automation,38,963472,2169538,Yes,19,6,May
Client_139,Healthcare,Germany,Security Testing,229,1950027,801737,No,16,6,Dec
Client_21,EdTech,USA,Test Automation,90,1275567,2780669,Yes,10,10,Apr
Client_36,Retail,Singapore,Mobile Testing,303,1016678,2081971,Yes,7,6,Dec
Client_39,E-commerce,USA,Functional Testing,33,927855,2402205,Yes,16,10,Sep
Client_60,Insurance,UK,API Testing,358,624070,1555551,Yes,16,7,Jul
Client_99,Automotive,UAE,Mobile Testing,346,442400,2089740,Yes,16,7,Feb
Client_178,EdTech,Australia,API Testing,62,1599333,1886244,Yes,17,10,Mar
Client_40,Telecom,UAE,Mobile Testing,329,1645848,384974,Yes,19,8,Jun
Client_181,Banking,Singapore,Test Automation,53,1454740,2335539,Yes,14,10,Oct
Client_55,E-commerce,Singapore,Test Automation,67,917308,1405538,No,3,9,Jan
Client_17,Banking,UK,API Testing,213,1837337,2519541,Yes,17,4,Dec
Client_107,E-commerce,Germany,API Testing,287,893474,2994567,Yes,7,7,May
Client_105,Telecom,UAE,Performance Testing,84,562615,1473314,No,3,9,Aug
Client_85,Automotive,UAE,Mobile Testing,178,651509,2478581,Yes,19,8,Nov
Client_139,E-commerce,UAE,Performance Testing,184,266114,2397666,No,5,10,Mar
Client_120,Insurance,UAE,Mobile Testing,340,985500,228510,Yes,5,5,Oct
Client_107,Telecom,UK,Cloud Testing,74,1411397,1023516,Yes,13,10,Mar
Client_16,Automotive,Singapore,Performance Testing,174,602397,2571781,Yes,13,7,Aug
Client_53,Banking,Singapore,Mobile Testing,254,1183409,1541331,Yes,15,5,Dec
Client_108,Telecom,India,DevOps QA,225,1703353,1633087,Yes,8,5,Aug
Client_100,Insurance,Australia,Mobile Testing,232,1777635,427717,Yes,16,9,May
Client_198,Telecom,Germany,API Testing,45,1386007,776230,No,4,9,Mar
Client_150,Retail,Singapore,API Testing,272,1793607,1326334,No,15,5,Apr
Client_179,Retail,Australia,Cloud Testing,110,1555265,280749,Yes,4,7,Apr
Client_6,Banking,Australia,Security Testing,303,1535794,1572508,No,7,5,Dec
Client_196,Healthcare,UAE,Mobile Testing,142,670142,1723873,Yes,4,8,Apr
Client_148,EdTech,USA,API Testing,99,697010,2777776,Yes,19,8,Dec
Client_98,Retail,UAE,Mobile Testing,230,1459912,2390904,Yes,12,10,Nov
Client_123,EdTech,UAE,Functional Testing,309,1658030,846126,Yes,16,8,Jan
Client_2,EdTech,Singapore,API Testing,181,1215567,2544870,Yes,15,10,Jun
Client_91,Banking,India,Cloud Testing,354,1796194,2690444,Yes,20,7,Dec
Client_77,Insurance,UK,DevOps QA,103,663760,1783959,Yes,12,9,Oct
Client_193,Banking,Australia,DevOps QA,182,965922,935924,Yes,13,10,Feb
Client_100,Healthcare,USA,API Testing,361,494265,2646415,Yes,14,7,Nov
Client_108,Automotive,Germany,API Testing,221,1889881,640081,Yes,3,6,Mar
Client_138,Retail,USA,Test Automation,35,243579,1443025,No,11,10,Jul
Client_192,E-commerce,India,Cloud Testing,313,482535,1469106,Yes,19,4,Jul
Client_189,Insurance,UAE,Test Automation,314,386521,282658,Yes,7,6,Nov
Client_140,Healthcare,UK,API Testing,102,707325,1288742,Yes,15,10,Mar
Client_155,Automotive,UK,Mobile Testing,93,331434,1885894,Yes,17,5,Jan
Client_57,Healthcare,UK,Functional Testing,51,1435660,514056,Yes,9,7,Feb
Client_125,Insurance,Germany,Performance Testing,32,1054923,2234797,Yes,20,10,Jun
Client_57,Banking,Singapore,Security Testing,323,1395472,1146743,No,17,9,Aug
Client_70,Automotive,UAE,API Testing,335,1049521,1708534,Yes,14,7,Mar
Client_112,E-commerce,USA,Mobile Testing,231,670706,2045432,Yes,15,5,Jan
Client_125,EdTech,USA,Performance Testing,305,1568997,1419316,Yes,9,7,Feb
Client_8,Insurance,UAE,Functional Testing,310,1406009,1056556,Yes,12,7,Sep
Client_100,Insurance,USA,Mobile Testing,73,1131790,2352430,No,5,10,Nov
Client_87,EdTech,Singapore,Mobile Testing,186,493823,1418014,No,4,8,Jun
Client_172,Banking,UK,API Testing,137,772438,884056,Yes,20,4,Oct
Client_174,Automotive,Australia,Performance Testing,206,140675,620732,Yes,13,6,Jul
Client_104,Retail,USA,Mobile Testing,138,419080,1719574,Yes,15,5,Mar
Client_186,Healthcare,Singapore,Security Testing,241,204085,306846,Yes,7,8,Nov
Client_43,E-commerce,UK,Test Automation,360,1221914,997662,Yes,19,10,Dec
Client_120,Banking,Germany,DevOps QA,292,146411,538409,Yes,20,5,Jul
Client_33,Telecom,Germany,Functional Testing,102,489939,2011323,Yes,12,6,Apr
Client_160,Automotive,UAE,Functional Testing,112,314483,2272295,Yes,9,9,Jan
Client_137,E-commerce,UAE,Performance Testing,124,691637,254584,No,5,4,Feb
Client_7,Retail,Australia,Mobile Testing,143,664543,2174436,Yes,19,7,Apr
Client_101,Insurance,Australia,DevOps QA,345,362226,2247379,No,20,10,Jul
Client_152,Telecom,Singapore,Performance Testing,159,1599874,796249,Yes,12,9,Aug
Client_145,Insurance,Germany,Test Automation,129,1019426,947805,Yes,19,10,May
Client_170,Banking,Germany,Test Automation,88,1624854,1576549,Yes,13,6,Dec
Client_7,E-commerce,Germany,Cloud Testing,122,117205,2177828,No,8,6,Oct
Client_22,EdTech,Singapore,Security Testing,320,588239,2346254,No,3,5,Mar
Client_165,Banking,Singapore,Cloud Testing,57,289156,1451738,Yes,3,7,Nov
Client_110,E-commerce,USA,API Testing,311,416006,1522954,Yes,20,7,Dec
Client_35,Telecom,Germany,Cloud Testing,266,130880,751022,No,11,9,Jul
Client_119,Healthcare,Australia,Security Testing,360,1135111,562096,No,10,10,Dec
Client_47,Banking,UAE,Cloud Testing,311,555476,2314875,No,12,7,Nov
Client_13,Telecom,USA,Mobile Testing,67,817043,2988358,No,16,10,Nov
Client_67,Insurance,USA,Cloud Testing,178,981313,706656,No,19,10,Feb
Client_98,Telecom,Germany,Performance Testing,64,753423,1010617,Yes,6,9,Aug
Client_84,Automotive,UK,Security Testing,158,1747785,303312,No,4,8,Nov
Client_55,Insurance,Singapore,Functional Testing,80,1776594,2076730,Yes,14,6,Jul
Client_117,Telecom,USA,API Testing,131,1145211,1775662,Yes,11,6,May
Client_84,Retail,UK,Security Testing,327,878876,2340873,Yes,19,8,Nov
Client_87,Banking,Germany,Performance Testing,279,1072416,635851,Yes,14,4,Nov
Client_195,Telecom,India,Test Automation,199,1561578,167238,Yes,6,8,Aug
Client_98,Telecom,UK,DevOps QA,212,1759737,1454350,Yes,4,10,Jun
Client_72,Retail,India,Test Automation,95,166557,334675,Yes,6,4,Jan
Client_193,EdTech,Australia,Mobile Testing,365,792581,2642622,No,17,5,Feb
Client_108,EdTech,Australia,DevOps QA,150,268240,515222,Yes,12,5,Feb
Client_65,Retail,India,Performance Testing,81,1869044,1547918,No,3,6,Feb
Client_21,Retail,Australia,Performance Testing,175,1674058,2108219,Yes,17,8,Feb
Client_121,Insurance,Germany,Mobile Testing,347,406368,343524,Yes,13,9,Aug
Client_5,EdTech,India,API Testing,65,217520,582444,No,10,10,Nov
Client_192,Banking,Australia,Cloud Testing,129,658898,2333461,Yes,20,8,Nov
Client_139,Healthcare,India,API Testing,192,1726662,2913980,Yes,10,8,Sep
Client_14,Automotive,Singapore,Performance Testing,278,922968,1460639,Yes,14,8,Apr
Client_90,Banking,USA,Performance Testing,260,249704,244289,Yes,12,10,Jan
Client_58,Automotive,Australia,Mobile Testing,198,1239156,2572461,Yes,12,7,Oct
Client_167,Banking,Germany,Security Testing,345,1085969,1459222,Yes,7,7,Oct
Client_18,Telecom,USA,Test Automation,186,480850,2829534,No,15,5,Oct
Client_200,Healthcare,India,Cloud Testing,329,503056,1030156,Yes,19,7,Aug
Client_167,E-commerce,Germany,API Testing,108,1978416,1495869,No,10,4,May
Client_11,EdTech,USA,Cloud Testing,319,1864835,991190,Yes,6,8,Dec
Client_194,Healthcare,India,API Testing,320,624454,957594,Yes,13,7,Dec
Client_8,Banking,USA,Test Automation,216,1813898,1351950,Yes,19,5,Feb
Client_64,Automotive,UK,Performance Testing,191,900225,1310352,Yes,9,7,Oct
Client_52,Healthcare,Singapore,Mobile Testing,249,1836970,2382526,Yes,14,4,Mar
Client_6,Telecom,UAE,Functional Testing,116,126456,1488611,Yes,17,6,Jul
Client_160,Banking,India,Functional Testing,32,355771,2000173,Yes,6,8,Aug
Client_40,Telecom,UK,Cloud Testing,190,1710918,2964898,Yes,7,7,Nov
Client_62,Healthcare,Germany,DevOps QA,156,1598797,643463,Yes,16,9,Dec
Client_33,Insurance,Germany,DevOps QA,143,622111,1293594,No,16,6,Jul
Client_122,Telecom,UK,DevOps QA,358,906979,776296,Yes,5,4,May
Client_172,E-commerce,Singapore,Functional Testing,253,1717376,810586,Yes,5,5,Oct
Client_30,E-commerce,Germany,Performance Testing,171,1028956,1297716,Yes,4,4,Mar
Client_145,EdTech,Singapore,Test Automation,214,618336,630081,Yes,16,9,Feb
Client_56,E-commerce,India,Cloud Testing,98,1646899,213991,Yes,7,8,Jun
Client_120,Telecom,India,Security Testing,199,170276,2762820,Yes,18,5,Feb
Client_180,Retail,UK,API Testing,275,517710,2497240,Yes,9,4,Dec
Client_66,EdTech,UK,Test Automation,266,1066440,2306126,Yes,17,10,Sep
Client_197,EdTech,Singapore,Mobile Testing,258,1642083,579393,Yes,5,9,Mar
Client_95,Telecom,India,Test Automation,213,1716895,1016448,Yes,14,8,Jul
Client_43,Healthcare,India,Cloud Testing,186,297049,2425530,Yes,19,7,Dec
Client_156,Insurance,UK,Performance Testing,279,1192907,1619340,No,15,4,Jan
Client_156,E-commerce,Germany,DevOps QA,312,1496719,2454206,Yes,20,5,Jul
Client_192,Insurance,UAE,Security Testing,85,537145,1485822,Yes,19,5,Sep
Client_184,E-commerce,UK,Functional Testing,119,1091587,1286874,Yes,15,4,Sep
Client_30,Retail,UAE,Performance Testing,360,916049,743732,No,11,7,Sep
Client_200,Healthcare,India,Test Automation,340,1529088,1338110,No,18,6,Aug
Client_42,Telecom,UK,Functional Testing,71,754540,2557878,Yes,16,5,Feb
Client_80,Insurance,Australia,API Testing,173,777512,1176870,Yes,17,5,Sep
Client_28,Insurance,Germany,DevOps QA,101,432632,868379,Yes,18,6,Oct
Client_149,Telecom,Germany,Performance Testing,305,1419453,448814,No,16,9,Sep
Client_7,Healthcare,Singapore,Security Testing,130,1627223,1456012,No,8,8,Dec
Client_80,Healthcare,Australia,Performance Testing,164,188470,2722210,Yes,7,4,Nov
Client_148,EdTech,USA,DevOps QA,350,1661800,1570773,No,19,7,Feb
Client_174,E-commerce,India,Cloud Testing,69,1252552,2417344,No,7,4,Apr
Client_97,Retail,India,Security Testing,68,1192461,2010793,Yes,18,6,Nov
Client_102,EdTech,UK,Security Testing,39,356149,362761,No,17,8,Feb
Client_184,Telecom,USA,DevOps QA,289,631235,695569,Yes,7,4,Mar
Client_51,EdTech,USA,Performance Testing,353,1109211,271604,No,19,5,Oct
Client_20,Banking,USA,Cloud Testing,45,1439073,2124408,No,19,6,Dec
Client_152,Telecom,UK,API Testing,327,726656,2983235,No,6,10,Mar
Client_177,E-commerce,UK,Mobile Testing,326,516753,361627,No,9,7,Jan
Client_161,Healthcare,UAE,Cloud Testing,237,855869,594289,Yes,17,7,Sep
Client_63,Banking,Australia,Mobile Testing,332,1961263,1758933,Yes,18,5,Aug
Client_27,Insurance,UAE,API Testing,138,209235,375653,Yes,4,4,Jun
Client_179,E-commerce,UAE,Security Testing,48,1911221,511211,Yes,8,5,Feb
Client_198,Telecom,Australia,Test Automation,312,1498160,1938726,Yes,20,8,Jan
Client_78,Retail,Singapore,DevOps QA,163,556735,1793818,No,14,7,Mar
Client_176,Banking,India,Security Testing,308,336828,900709,No,6,7,Oct
Client_154,Retail,UAE,Security Testing,306,594856,2650314,Yes,16,9,Apr
Client_31,EdTech,Singapore,DevOps QA,271,1427306,2636199,Yes,6,4,Nov
Client_145,Banking,Singapore,Functional Testing,364,1010502,2790191,Yes,6,7,Mar
Client_11,Retail,UK,DevOps QA,106,780554,2019972,No,14,10,Feb
Client_89,Insurance,USA,Test Automation,217,131599,2735013,Yes,12,5,Sep
Client_137,Automotive,Germany,API Testing,230,450980,1641596,Yes,4,5,May
Client_110,Telecom,USA,Performance Testing,144,1765957,1460471,Yes,19,10,Jan
Client_170,Telecom,UAE,Performance Testing,331,679023,1543901,Yes,7,5,Feb
Client_95,E-commerce,Germany,Mobile Testing,178,1326198,981089,Yes,6,6,Feb
Client_18,Banking,Australia,Cloud Testing,98,350923,2963833,Yes,14,7,Sep
Client_130,Retail,Australia,Functional Testing,267,930070,2387597,No,12,10,May
Client_166,EdTech,India,Test Automation,286,1754954,479444,Yes,14,9,Jun
Client_88,Telecom,Germany,Cloud Testing,291,609795,2103267,Yes,12,9,Sep
Client_4,Telecom,Australia,Cloud Testing,76,118727,2531480,Yes,12,7,Mar
Client_108,EdTech,Germany,Security Testing,233,188066,702789,Yes,18,5,Jul
Client_126,Insurance,Australia,Functional Testing,216,1318606,539718,No,3,8,Nov
Client_28,Retail,India,Security Testing,287,1743066,2114091,Yes,7,8,Jan
Client_111,Telecom,India,DevOps QA,35,1548610,557950,No,7,6,Apr
Client_93,E-commerce,Singapore,Performance Testing,152,1096714,2060858,Yes,16,8,May
Client_163,Telecom,Singapore,Cloud Testing,344,1543693,1451877,Yes,4,5,Jan
Client_118,Healthcare,Singapore,Test Automation,114,1350347,2852887,No,12,8,Sep
Client_182,Automotive,UK,API Testing,293,425041,2102014,Yes,12,9,May
Client_40,Insurance,Singapore,Performance Testing,101,878879,2123612,No,9,9,Nov
Client_112,Banking,India,Security Testing,258,1716478,1121795,No,8,7,Sep
Client_46,Retail,Germany,API Testing,111,287652,1088661,No,18,6,Aug
Client_188,EdTech,India,API Testing,121,621608,752812,No,3,5,Mar
Client_134,E-commerce,Germany,Functional Testing,319,430717,2737642,Yes,6,4,Oct
Client_167,Insurance,USA,Functional Testing,319,1148406,1232351,Yes,20,5,Aug
Client_70,Healthcare,India,API Testing,104,291682,1674417,Yes,14,7,Dec
Client_158,Healthcare,Singapore,Test Automation,277,1538530,1794489,Yes,5,4,Jun
Client_138,EdTech,Australia,Cloud Testing,213,1397392,919038,Yes,4,10,Sep
Client_199,Automotive,Singapore,Performance Testing,50,809722,2939969,Yes,16,7,Jun
Client_124,Healthcare,Germany,Cloud Testing,142,1692913,1535495,Yes,18,8,Oct
Client_120,EdTech,Australia,Functional Testing,279,1410997,1512146,Yes,12,10,Sep
Client_112,Automotive,UAE,API Testing,148,225938,2051206,Yes,17,5,Sep
Client_188,Insurance,UK,DevOps QA,62,225357,2194751,Yes,13,8,Apr
Client_152,Retail,Australia,Mobile Testing,165,845574,276936,No,15,6,Dec
Client_69,Insurance,India,Performance Testing,219,1451771,424161,No,18,8,Feb
Client_83,EdTech,UK,Performance Testing,149,422790,2143696,No,7,7,Nov
Client_63,Retail,India,Cloud Testing,51,1570791,623482,Yes,7,7,Jan
Client_23,EdTech,USA,Cloud Testing,135,1224814,1624049,Yes,19,7,Apr
Client_72,Insurance,USA,Mobile Testing,295,1759825,2157612,Yes,17,8,Jan
Client_116,Telecom,Australia,DevOps QA,214,325216,2084587,Yes,17,4,Apr
Client_63,Telecom,Germany,Security Testing,228,363879,866393,No,17,9,Mar
Client_193,Insurance,UK,Test Automation,270,1123080,1333873,Yes,7,4,May
Client_119,Healthcare,Singapore,Cloud Testing,262,587954,1612199,Yes,13,6,Apr
Client_146,Healthcare,UAE,Performance Testing,53,764250,2685206,Yes,5,9,Mar
Client_157,Retail,India,Cloud Testing,50,1270945,2560375,Yes,16,7,Oct
Client_172,Retail,India,API Testing,362,1753734,684329,No,15,6,Sep
Client_98,Telecom,Germany,API Testing,195,1451920,2280495,No,10,9,Apr
Client_87,Automotive,UAE,Performance Testing,82,1686909,581728,Yes,15,10,Oct
Client_8,Insurance,UK,Performance Testing,296,828378,1851570,No,13,9,Jun
Client_127,Automotive,UK,Performance Testing,354,1789309,598712,No,20,10,May
Client_84,Retail,Germany,DevOps QA,170,1970231,1516796,No,4,6,Mar
Client_47,Automotive,India,Mobile Testing,164,1020060,2482661,Yes,17,7,Dec
Client_125,EdTech,USA,Cloud Testing,326,1637608,2873996,Yes,11,8,Oct
Client_55,Banking,Australia,DevOps QA,308,504677,447476,No,5,10,Jul
Client_91,Telecom,UAE,Cloud Testing,321,144780,1417175,No,8,10,Feb
Client_67,Telecom,India,Security Testing,119,1545461,2384496,Yes,3,10,Sep
Client_88,EdTech,USA,Security Testing,222,892238,2083468,Yes,12,5,May
Client_72,Retail,UK,Test Automation,364,851131,1831146,Yes,20,7,May
Client_153,Insurance,USA,API Testing,223,1619175,2626887,Yes,6,5,Jul
Client_180,Insurance,Australia,DevOps QA,217,382553,1884101,Yes,20,5,Nov
Client_71,Healthcare,Australia,Cloud Testing,330,625748,1150657,Yes,5,8,Mar
Client_143,E-commerce,Germany,API Testing,364,1984633,2754137,No,9,9,Jul
Client_3,EdTech,Australia,Cloud Testing,69,182813,1172114,Yes,20,7,Aug
Client_133,E-commerce,Singapore,Test Automation,294,1117752,2448264,No,4,7,Feb
Client_49,E-commerce,India,Cloud Testing,158,1581902,816979,No,19,7,May
Client_22,Insurance,UAE,Mobile Testing,222,1017504,2173225,Yes,9,9,Nov
Client_62,Retail,USA,Functional Testing,144,1272359,1759842,Yes,18,5,Jul
Client_185,Telecom,UK,Test Automation,294,718061,427075,Yes,19,9,Dec
Client_105,Insurance,USA,Security Testing,237,1238195,1579058,Yes,3,8,Mar
Client_126,EdTech,UK,DevOps QA,210,1561794,1023414,Yes,6,4,Sep
Client_143,EdTech,Australia,Mobile Testing,206,1127797,2628708,Yes,20,7,Apr
Client_195,Telecom,Australia,Test Automation,279,497988,1958367,Yes,8,9,Feb
Client_62,Retail,Singapore,Mobile Testing,276,1288459,1976005,No,3,4,Nov
Client_177,Retail,Germany,DevOps QA,339,491384,2529056,Yes,11,5,Dec
Client_122,Retail,UK,DevOps QA,33,1240054,1585294,Yes,9,10,May
Client_166,E-commerce,UAE,DevOps QA,286,829105,2433911,Yes,10,5,Nov
Client_183,Banking,Singapore,Security Testing,101,778807,1140503,Yes,17,6,Dec
Client_126,Insurance,Australia,Performance Testing,255,1635959,875973,Yes,5,9,Nov
Client_115,Retail,Germany,Functional Testing,114,1082294,2929197,Yes,20,8,Apr
Client_5,Healthcare,USA,API Testing,147,677397,2958527,Yes,13,6,Dec
Client_24,Retail,Australia,DevOps QA,69,1919618,476712,Yes,15,9,Jun
Client_76,Retail,Germany,Security Testing,293,1843466,2558320,No,4,4,Oct
Client_57,Telecom,Germany,Mobile Testing,359,1355522,2191075,Yes,18,9,Nov
Client_104,Automotive,India,DevOps QA,173,1904726,629504,Yes,3,9,Nov
Client_178,Telecom,UK,Cloud Testing,138,1262913,2633712,No,13,9,Sep
Client_63,Healthcare,Germany,Performance Testing,106,436264,2650121,No,16,5,Oct
Client_79,Insurance,UAE,Functional Testing,125,244444,2091578,No,8,7,Mar
Client_170,Healthcare,India,Security Testing,110,1213875,1514734,Yes,16,7,Jul
Client_149,Automotive,India,Functional Testing,215,425111,2478206,Yes,3,10,Mar
Client_95,Healthcare,Singapore,Cloud Testing,338,1042426,559590,No,19,8,Jun
Client_122,Retail,USA,Security Testing,90,720070,2017372,Yes,13,4,Jul
Client_142,Healthcare,Australia,Mobile Testing,147,1818445,888927,Yes,15,6,Jul
Client_136,Insurance,India,Test Automation,242,652283,1441995,Yes,11,4,Jan
Client_89,Retail,UAE,API Testing,199,1235830,1852022,Yes,5,10,Oct
Client_109,Retail,UK,Performance Testing,88,869891,441955,No,6,4,Apr
Client_191,Retail,Australia,DevOps QA,276,1052272,2659280,No,6,8,Feb
Client_141,Telecom,UK,Cloud Testing,275,101509,606108,Yes,20,10,May
Client_85,Banking,UK,API Testing,275,1727217,2651505,Yes,8,10,Feb
Client_91,Banking,Singapore,Test Automation,137,1438037,1739267,Yes,12,6,Sep
Client_180,Insurance,Australia,API Testing,332,1161070,1523249,Yes,7,7,Feb
Client_117,Banking,UAE,Functional Testing,112,894911,2223224,No,8,7,Nov
Client_70,Healthcare,India,Functional Testing,361,1638591,2855280,Yes,11,5,Sep
Client_79,Automotive,Germany,Test Automation,240,489093,2918931,Yes,5,6,Jul
Client_65,E-commerce,UAE,Functional Testing,41,1951643,407875,Yes,7,5,Feb
Client_60,Banking,Australia,Test Automation,154,139258,529722,Yes,12,8,Jun
Client_31,EdTech,Singapore,Security Testing,52,1399677,1062729,Yes,16,4,Nov
Client_185,Healthcare,Singapore,Test Automation,95,1896901,732659,Yes,8,7,Feb
Client_50,Healthcare,USA,Mobile Testing,323,863521,2585917,Yes,4,4,Jun
Client_81,EdTech,UAE,Functional Testing,333,1727424,2818134,Yes,13,4,Jun
Client_31,Automotive,UK,DevOps QA,112,1400648,150773,Yes,8,9,May
Client_191,E-commerce,Singapore,Mobile Testing,98,600771,765410,Yes,3,9,Mar
Client_138,Healthcare,Singapore,Security Testing,352,772544,2921937,Yes,4,9,Apr
Client_196,EdTech,USA,Cloud Testing,292,1612054,775859,Yes,12,9,May
Client_177,Insurance,Germany,Performance Testing,50,232837,2049912,No,15,7,Jan
Client_48,Banking,UK,Test Automation,323,1480532,2378248,Yes,6,7,Feb
Client_50,Retail,Germany,Functional Testing,105,1230273,1372653,Yes,13,6,Jul
Client_56,EdTech,Singapore,Mobile Testing,58,1817671,1785705,Yes,7,9,Apr
Client_190,E-commerce,India,Security Testing,115,912627,2731896,Yes,16,7,Jul
Client_124,EdTech,Australia,Security Testing,162,498185,2574020,Yes,13,10,Feb
Client_71,EdTech,UK,API Testing,122,1199053,2025524,No,11,5,Feb
Client_186,Automotive,UAE,Security Testing,294,1532824,970685,Yes,15,7,Mar
Client_151,Telecom,Australia,Mobile Testing,237,1143436,1012607,No,6,4,Sep
Client_195,Retail,USA,Mobile Testing,336,1705860,1477907,Yes,4,4,Dec
Client_135,Telecom,Germany,API Testing,318,1256511,1407181,Yes,9,6,May
Client_153,Telecom,India,DevOps QA,356,423237,2541912,Yes,10,4,Oct
Client_73,Telecom,India,Performance Testing,39,1385636,1427375,No,10,9,Aug
Client_26,E-commerce,UAE,DevOps QA,175,693764,1973377,Yes,18,5,Feb
Client_50,Retail,USA,Test Automation,73,776541,1593950,Yes,19,6,Sep
Client_76,Telecom,Singapore,Cloud Testing,140,959422,524498,Yes,19,9,Jun
Client_59,Insurance,Germany,Test Automation,259,1444072,2594134,Yes,15,9,Dec
Client_93,Telecom,Australia,API Testing,340,775333,184054,Yes,6,7,Oct
